name,kind,lon,lat,source,confidence
Prince Philip Avenue / Jervois Road,positive,103.821,1.29164,PUB List of Flood-Prone Areas (Nov 2025) S/N 1; coords OneMap geocode of 'Prince Philip Avenue',med
Admiralty Road West,positive,103.80273,1.45784,PUB List of Flood-Prone Areas (Nov 2025) S/N 2; coords OneMap geocode of 'Admiralty Road West',med
St John's Headquarters at junction of Beach Road and Java Ro,positive,103.86296,1.3014,PUB List of Flood-Prone Areas (Nov 2025) S/N 3; coords OneMap geocode of 'Java Road',med
Bedok South Rd,positive,103.93791,1.32029,PUB List of Flood-Prone Areas (Nov 2025) S/N 4; coords OneMap geocode of 'Bedok South Road',med
Service road off Changi Road,positive,103.90581,1.31675,PUB List of Flood-Prone Areas (Nov 2025) S/N 5; coords OneMap geocode of 'Chin Cheng Avenue',med
Junction of Commonwealth Drive and Commonwealth Ave,positive,103.79722,1.30015,PUB List of Flood-Prone Areas (Nov 2025) S/N 6; coords OneMap geocode of 'Commonwealth Drive',med
CTE,positive,103.84856,1.31899,PUB List of Flood-Prone Areas (Nov 2025) S/N 7; coords OneMap geocode of 'Moulmein Road',med
Derbyshire Road / Cambridge Road / Farrer Park Field,positive,103.84574,1.31655,PUB List of Flood-Prone Areas (Nov 2025) S/N 8; coords OneMap geocode of 'Derbyshire Road',med
Hong Kah Area,positive,103.72256,1.35479,PUB List of Flood-Prone Areas (Nov 2025) S/N 9; coords OneMap geocode of 'Hong Kah',med
Indus Road,positive,103.8296,1.29003,PUB List of Flood-Prone Areas (Nov 2025) S/N 10; coords OneMap geocode of 'Indus Road',med
Jalan Benaan Kapal,positive,103.88013,1.30192,PUB List of Flood-Prone Areas (Nov 2025) S/N 11; coords OneMap geocode of 'Jalan Benaan Kapal',high
Jalan Besar Area,positive,103.85872,1.30978,PUB List of Flood-Prone Areas (Nov 2025) S/N 12; coords OneMap geocode of 'Jalan Besar',med
Jalan Mashor,positive,103.83069,1.33373,PUB List of Flood-Prone Areas (Nov 2025) S/N 13; coords OneMap geocode of 'Jalan Mashor',high
Jalan Mat Jambol,positive,103.79186,1.27826,PUB List of Flood-Prone Areas (Nov 2025) S/N 14; coords OneMap geocode of 'Jalan Mat Jambol',high
Jalan Taman,positive,103.86479,1.32577,PUB List of Flood-Prone Areas (Nov 2025) S/N 15; coords OneMap geocode of 'Jalan Taman',high
People's Association HQ at King George's Avenue,positive,103.86007,1.30828,PUB List of Flood-Prone Areas (Nov 2025) S/N 16; coords OneMap geocode of 'King George's Avenue',med
Langsat Road Area,positive,103.90276,1.31537,PUB List of Flood-Prone Areas (Nov 2025) S/N 17; coords OneMap geocode of 'Langsat Road',med
Lorong Buangkok Area,positive,103.87836,1.38346,PUB List of Flood-Prone Areas (Nov 2025) S/N 18; coords OneMap geocode of 'Lorong Buangkok',med
Lorong H Telok Kurau,positive,103.90999,1.31611,PUB List of Flood-Prone Areas (Nov 2025) S/N 19; coords OneMap geocode of 'Lorong H Telok Kurau',med
State Land at junction of Alexandra Road and Lower Delta Roa,positive,103.82382,1.2804,PUB List of Flood-Prone Areas (Nov 2025) S/N 20; coords OneMap geocode of 'Lower Delta Road',med
Margaret Drive / Tanglin Road,positive,103.80839,1.29682,PUB List of Flood-Prone Areas (Nov 2025) S/N 21; coords OneMap geocode of 'Margaret Drive',med
Meyer Road Area,positive,103.89141,1.29715,PUB List of Flood-Prone Areas (Nov 2025) S/N 22; coords OneMap geocode of 'Meyer Road',med
Mimosa Walk,positive,103.86079,1.38233,PUB List of Flood-Prone Areas (Nov 2025) S/N 23; coords OneMap geocode of 'Mimosa Walk',med
Mindef's Changi Camp at junction of Changi Village Road and ,positive,103.98657,1.38644,PUB List of Flood-Prone Areas (Nov 2025) S/N 24; coords OneMap geocode of 'Farnborough Road',med
Service Road off Mountbatten Rd,positive,103.89548,1.30069,PUB List of Flood-Prone Areas (Nov 2025) S/N 25; coords OneMap geocode of 'Jalan Seaview',med
Junction of Neo Pee Teck Lane and Pasir Panjang Road,positive,103.76902,1.29262,PUB List of Flood-Prone Areas (Nov 2025) S/N 26; coords OneMap geocode of 'Neo Pee Teck Lane',med
State Land at junction of New Upper Changi Road and Tanah Me,positive,103.94612,1.32956,PUB List of Flood-Prone Areas (Nov 2025) S/N 27; coords OneMap geocode of 'Tanah Merah Kechil Avenue',med
Rose Lane,positive,103.89351,1.31007,PUB List of Flood-Prone Areas (Nov 2025) S/N 28; coords OneMap geocode of 'Rose Lane',high
Second Chin Bee Road,positive,103.71445,1.33183,PUB List of Flood-Prone Areas (Nov 2025) S/N 29; coords OneMap geocode of 'Second Chin Bee Road',high
Sennett Estate,positive,103.87197,1.32962,PUB List of Flood-Prone Areas (Nov 2025) S/N 30; coords OneMap geocode of 'Siang Kuang Avenue',med
Service road off Tampines Road,positive,103.89023,1.36039,PUB List of Flood-Prone Areas (Nov 2025) S/N 31; coords OneMap geocode of 'Jalan Teliti',med
Junction of Stevens Road and Balmoral Road,positive,103.83018,1.31324,PUB List of Flood-Prone Areas (Nov 2025) S/N 32; coords OneMap geocode of 'Balmoral Road',med
South Bridge Road / Upper Hokien Street / Upper Pickering St,positive,103.84629,1.28594,PUB List of Flood-Prone Areas (Nov 2025) S/N 33; coords OneMap geocode of 'Upper Pickering Street',med
Upper East Coast Road,positive,103.9429,1.31769,PUB List of Flood-Prone Areas (Nov 2025) S/N 34; coords OneMap geocode of 'Parbury Avenue',med
Waterloo Street / Bencoolen Street / Prinsep Street,positive,103.84884,1.29876,PUB List of Flood-Prone Areas (Nov 2025) S/N 35; coords OneMap geocode of 'Prinsep Street',med
Former Boys' Brigade HQ at Zion Road,positive,103.83271,1.29106,PUB List of Flood-Prone Areas (Nov 2025) S/N 36; coords OneMap geocode of 'Zion Road',med
Stamford Canal / Orchard Rd,positive,103.832,1.305,"Historical: PUB (2011) Stamford Canal flood report; Orchard Rd 2010-06-16 ~0.3-0.4 m (now mitigated, not on 2025 PUB list)",high
Bukit Timah Rd / Dunearn (Sixth Ave),positive,103.792,1.331,"Historical: Bukit Timah Rd 2012-05-05 ~0.25 m; ST 2017-06-13 (now mitigated, not on 2025 PUB list)",med
Bukit Timah Hill summit,dry,103.776,1.354,Highest ground in SG (~163 m); absent from PUB flood-prone list (documented dry control),high
Mount Faber,dry,103.8175,1.2715,Elevated ridge (~105 m); absent from PUB flood-prone list (documented dry control),high
Telok Blangah Hill,dry,103.809,1.276,Elevated ridge (~106 m); absent from PUB flood-prone list (documented dry control),high
Kent Ridge (NUS),dry,103.784,1.293,Elevated ridge (~50-60 m); absent from PUB flood-prone list (documented dry control),med
Central Catchment / MacRitchie ridge,dry,103.816,1.344,Elevated forested catchment high ground; absent from PUB flood-prone list (documented dry control),med
Bukit Batok Hill,dry,103.778,1.349,"Elevated ground (~100 m, Bukit Batok Nature Park); absent from PUB flood-prone list (documented dry control)",med
Dairy Farm Nature Park,dry,103.77409,1.36269,"Elevated parkland/reserve (DEM ~79 m, min-in-150m clean); absent from PUB List of Flood-Prone Areas; OneMap geocode of 'Dairy Farm Nature Park'",high
Chestnut Nature Park,dry,103.77944,1.37687,"Elevated parkland/reserve (DEM ~50 m, min-in-150m clean); absent from PUB List of Flood-Prone Areas; OneMap geocode of 'Chestnut Nature Park'",high
Windsor Nature Park,dry,103.82103,1.35717,"Elevated parkland/reserve (DEM ~63 m, min-in-150m clean); absent from PUB List of Flood-Prone Areas; OneMap geocode of 'Windsor Nature Park'",high
Hindhede Nature Park,dry,103.77598,1.35014,"Elevated parkland/reserve (DEM ~63 m, min-in-150m clean); absent from PUB List of Flood-Prone Areas; OneMap geocode of 'Hindhede Nature Park'",high
Holland Hill,dry,103.80183,1.30991,"Elevated parkland/reserve (DEM ~40 m, min-in-150m clean); absent from PUB List of Flood-Prone Areas; OneMap geocode of 'Holland Hill'",high
Mount Sinai Road,dry,103.78341,1.31542,"Elevated parkland/reserve (DEM ~27 m, min-in-150m clean); absent from PUB List of Flood-Prone Areas; OneMap geocode of 'Mount Sinai Road'",high
Punggol Central,dry,103.90705,1.40226,Developed town centre (DEM ~17 m); absent from comprehensive PUB List of Flood-Prone Areas (Nov 2025); OneMap geocode of 'Punggol Central',med
Sengkang Square,dry,103.89491,1.39062,Developed town centre (DEM ~16 m); absent from comprehensive PUB List of Flood-Prone Areas (Nov 2025); OneMap geocode of 'Sengkang Square',med
Tampines Central 5,dry,103.94437,1.35288,Developed town centre (DEM ~13 m); absent from comprehensive PUB List of Flood-Prone Areas (Nov 2025); OneMap geocode of 'Tampines Central 5',med
Jurong East Street 13,dry,103.73728,1.33692,Developed town centre (DEM ~13 m); absent from comprehensive PUB List of Flood-Prone Areas (Nov 2025); OneMap geocode of 'Jurong East Street 13',med
Toa Payoh Central,dry,103.84885,1.3339,Developed town centre (DEM ~12 m); absent from comprehensive PUB List of Flood-Prone Areas (Nov 2025); OneMap geocode of 'Toa Payoh Central',med
Ang Mo Kio Central,dry,103.84608,1.36997,Developed town centre (DEM ~22 m); absent from comprehensive PUB List of Flood-Prone Areas (Nov 2025); OneMap geocode of 'Ang Mo Kio Central',med
Bishan Street 22,dry,103.84523,1.35742,Developed town centre (DEM ~20 m); absent from comprehensive PUB List of Flood-Prone Areas (Nov 2025); OneMap geocode of 'Bishan Street 22',med
Woodlands Square,dry,103.7857,1.43815,Developed town centre (DEM ~23 m); absent from comprehensive PUB List of Flood-Prone Areas (Nov 2025); OneMap geocode of 'Woodlands Square',med
